webAddress,address,price,PricePerSqaureMeter,numOfRooms,squareMeters
https://www.otodom.pl/pl/oferta/42-m2-2-pokoje-viva-piast-wszystko-gotowe-ID4kxPX;Kraków, Mistrzejowice, ul. Powstańców 86;499 000 zł;11 714 zł/m²;2 pokoje;42.6 m²
https://www.otodom.pl/pl/oferta/2-pok-43-m2-balkon-do-wejscia-do-os-jagiellonsk-ID4kePd;Kraków, Bieńczyce, Jagiellońskie;478 000 zł;10 864 zł/m²;2 pokoje;44 m²
https://www.otodom.pl/pl/oferta/3-pokoje-49-m2-po-remoncie-os-na-wzgorzach-ID4kvlG;Kraków, Wzgórza Krzesławickie;499 000 zł;10 184 zł/m²;3 pokoje;49 m²
https://www.otodom.pl/pl/oferta/polecamy-tylko-u-nas-wola-duchacka-2-pokoje-ID4jOoV;Kraków, Podgórze Duchackie, Kurdwanów, Witosa;425 000 zł;8621 zł/m²;2 pokoje;49.3 m²
https://www.otodom.pl/pl/oferta/nowe-do-odbioru-3-pokoje-z-ogrodem-ID4l5uV;Kraków, Wzgórza Krzesławickie, Sandora Petöfiego;500 000 zł;9748 zł/m²;3 pokoje;51.29 m²
https://www.otodom.pl/pl/oferta/gotowe-2-pokojowe-sloneczne-mieszkanie-ID4kiLe;Kraków, Bieżanów-Prokocim, Barbary;449 000 zł;9071 zł/m²;2 pokoje;49.5 m²
https://www.otodom.pl/pl/oferta/rabat-75-000zl-promocja-ID4l7xn;Kraków, Bieżanów-Prokocim, Złocień, Mariana Domagały;467 500 zł;8755 zł/m²;3 pokoje;53.4 m²
https://www.otodom.pl/pl/oferta/oddane-do-uzytku-swietny-uklad-ID4l7xl;Kraków, Bieżanów-Prokocim, Bieżanów, Potrzask;479 000 zł;8870 zł/m²;3 pokoje;54 m²
https://www.otodom.pl/pl/oferta/2-pokoje-na-salwatorze-poddasze-ID4l5xD;Kraków, Zwierzyniec, Salwator, ul. Tatarska;479 000 zł;11 975 zł/m²;2 pokoje;40 m²
https://www.otodom.pl/pl/oferta/3-pokojowe-mieszkanie-49m2-ogrodek-bez-prowizji-ID4eGiK;Kraków, Wzgórza Krzesławickie, ul. Urbanistów;473 568 zł;9600 zł/m²;3 pokoje;49.33 m²
https://www.otodom.pl/pl/oferta/to-mieszkanie-tylko-u-nas-bez-prowizji-ID4kT4s;Kraków, Podgórze, Płaszów, Lasówka;475 780 zł;11 791 zł/m²;2 pokoje;40.35 m²
https://www.otodom.pl/pl/oferta/mozliwosc-zakupu-na-kredyt-2-ID4l7ug;Kraków, Bieżanów-Prokocim, Bieżanów, Potrzask;494 000 zł;9440 zł/m²;4 pokoje;52.33 m²
https://www.otodom.pl/pl/oferta/okazja-mieszkanie-w-promocyjnej-cenie-ID4l7tx;Kraków, Bieżanów-Prokocim, ul. Mariana Domagały;496 326 zł;9159 zł/m²;2 pokoje;54.19 m²
https://www.otodom.pl/pl/oferta/ustawne-3-pokoje-gotowe-do-odbioru-20min-centrum-ID4kZzK;Kraków, Bieżanów-Prokocim;483 504 zł;9123 zł/m²;3 pokoje;53 m²
https://www.otodom.pl/pl/oferta/2-pok-55-28m-beliny-prazmowskiego-do-wejscia-ID4jWkJ;Kraków, Grzegórzki, Aleja płk. Władysława Beliny-Prażmowskiego;469 000 zł;8484 zł/m²;2 pokoje;55.28 m²
https://www.otodom.pl/pl/oferta/kurdwanow-2-pokoje-balkon-piwnica-ID4kXuF;Kraków, Podgórze Duchackie, Kurdwanów, Bojki;479 999 zł;9856 zł/m²;2 pokoje;48.7 m²
https://www.otodom.pl/pl/oferta/3-pokojowe-mieszkanie-51m2-ogrodek-ID4iOFK;Kraków, Podgórze, Rybitwy, ul. Półłanki;489 030 zł;9433 zł/m²;3 pokoje;51.84 m²
https://www.otodom.pl/pl/oferta/gotowe-do-zamieszkania-po-calkowitym-odswiezeniu-ID4ke7K;Kraków, Podgórze Duchackie, Piaski Wielkie, Łużycka;469 000 zł;10 422 zł/m²;2 pokoje;45 m²
https://www.otodom.pl/pl/oferta/mieszkanie-2-pokojowe-prokocim-ID4kR6E;Kraków, Bieżanów-Prokocim, Podłęska;500 000 zł;10 417 zł/m²;2 pokoje;48 m²
https://www.otodom.pl/pl/oferta/3-pokojowe-mieszkanie-61m2-balkon-bez-prowizji-ID4cTMl;Kraków, Wzgórza Krzesławickie, ul. Kantorowicka;491 040 zł;8000 zł/m²;3 pokoje;61.38 m²
https://www.otodom.pl/pl/oferta/atrakcyjne-trzypokojowe-mieszkanie-tylko-u-nas-ID4j5sm;Kraków, Podgórze Duchackie, Beskidzka;490 000 zł;9423 zł/m²;3 pokoje;52 m²
https://www.otodom.pl/pl/oferta/1-pokojowe-mieszkanie-48m2-loggia-bezposrednio-ID4iOG9;Kraków, Podgórze, Rybitwy, ul. Półłanki;458 908 zł;9423 zł/m²;1 pokój;48.7 m²
https://www.otodom.pl/pl/oferta/sprzedam-mieszkanie-na-dabiu-od-wlasciciela-ID4l7p7;Kraków, Grzegórzki, Dąbie, ul. Na Szaniec;480 000 zł;11 707 zł/m²;2 pokoje;41 m²
https://www.otodom.pl/pl/oferta/trzypokojowe-mieszkanie-na-kozlowku-ID4htJQ;Kraków, Bieżanów-Prokocim, Na Kozłówce;447 000 zł;9933 zł/m²;3 pokoje;45 m²
https://www.otodom.pl/pl/oferta/kluczborska-dwa-pokoje-40-2-m2-ID4jgmF;Kraków, małopolskie;465 000 zł;11 567 zł/m²;2 pokoje;40.2 m²
https://www.otodom.pl/pl/oferta/na-wzgorzach-54m2-3-osobne-pokoje-ID4homJ;Kraków, Wzgórza Krzesławickie, Na Wzgórzach;460 000 zł;8481 zł/m²;3 pokoje;54.24 m²
https://www.otodom.pl/pl/oferta/na-stoku-41m2-2-osobne-pokoje-po-remoncie-ID4hNqf;Kraków, małopolskie;415 000 zł;10 122 zł/m²;2 pokoje;41 m²
https://www.otodom.pl/pl/oferta/osiedle-zodiak-nowe-mieszkanie-41d-m41-ID4dVuK;Kraków, Bieżanów-Prokocim, ul. Mariana Domagały;472 410 zł;9000 zł/m²;3 pokoje;52.49 m²
https://www.otodom.pl/pl/oferta/przestronne-mieszkanie-3-pok-w-spokojnej-okolicy-ID4joZP;Kraków, Prądnik Czerwony;419 000 zł;8551 zł/m²;3 pokoje;49 m²
https://www.otodom.pl/pl/oferta/2-pokojowe-mieszkanie-42m2-ogrodek-bez-prowizji-ID4fPym;Kraków, Nowa Huta, Gustawa Morcinka;362 252 zł;8450 zł/m²;2 pokoje;42.87 m²
https://www.otodom.pl/pl/oferta/dwupokojowe-mieszkanie-bienczyce-nowa-huta-ID4l7kB;Kraków, Bieńczyce, os. Jagiellońskie;389 000 zł;8644 zł/m²;2 pokoje;45 m²
https://www.otodom.pl/pl/oferta/3-pokojowe-mieszkanie-55m2-balkon-bez-prowizji-ID4fPyS;Kraków, Nowa Huta, Gustawa Morcinka;465 870 zł;8385 zł/m²;3 pokoje;55.56 m²
https://www.otodom.pl/pl/oferta/3-pokoje-40-m2-po-remoncie-os-na-wzgorzach-ID4kCES;Kraków, Wzgórza Krzesławickie;435 000 zł;10 767 zł/m²;3 pokoje;40.4 m²
https://www.otodom.pl/pl/oferta/gotowe-przy-mpk-pkp-zakup-pod-kredyt-2-okazja-ID4jBnm;Kraków, małopolskie;449 000 zł;6803 zł/m²;3 pokoje;66 m²
https://www.otodom.pl/pl/oferta/przestronne-mieszkanie-w-nowej-inwestycji-ID4kRO1;Kraków, Prądnik Biały, ul. Kuźnicy Kołłątajowskiej;441 000 zł;10 976 zł/m²;1 pokój;40.18 m²
https://www.otodom.pl/pl/oferta/tanie-mieszkanie-w-krakowie-tylko-8-tys-za-metr-ID4l7h5;Kraków, Bieżanów-Prokocim, Złocień, Mariana Domagały;469 000 zł;8849 zł/m²;3 pokoje;53 m²
https://www.otodom.pl/pl/oferta/tanie-mieszkanie-w-krakowie-tylko-469tys-za-53m2-ID4l7h4;Kraków, Bieżanów-Prokocim, Złocień, Mariana Domagały;469 000 zł;8849 zł/m²;3 pokoje;53 m²
https://www.otodom.pl/pl/oferta/sprzedam-mieszkanie-krakow-ul-obozowa-ID4kRKe;Kraków, Dębniki, Ruczaj, ul. Obozowa;420 000 zł;9545 zł/m²;1 pokój;44 m²
https://www.otodom.pl/pl/oferta/nowa-cena-do-sprzedazy-mieszkanie-2-pokojowe-ID4kaXX;Kraków, Nowa Huta, Os. Stalowe 16;499 000 zł;11 341 zł/m²;2 pokoje;44 m²
https://www.otodom.pl/pl/oferta/pielegniarek-2-pokoje-loggia-1-pietro-do-negocjacj-ID4l2RW;Kraków, Krowodrza, ul. Prądnicka;499 000 zł;11 741 zł/m²;2 pokoje;42.5 m²
https://www.otodom.pl/pl/oferta/53-mkw-oferta-bezposrednia-bez-pcc-okazja-ID4l7b7;Kraków, Bieżanów-Prokocim;492 113 zł;9159 zł/m²;2 pokoje;53.73 m²
https://www.otodom.pl/pl/oferta/po-generalnym-remoncie-w-os-jagiellonskim-ID4kWTT;Kraków, Bieńczyce;455 000 zł;10 341 zł/m²;2 pokoje;44 m²
https://www.otodom.pl/pl/oferta/3-pokoje-do-wejscia-od-zaraz-blisko-komunikacji-ID4l4Sj;Kraków, Bieżanów-Prokocim;495 000 zł;9956 zł/m²;3 pokoje;49.72 m²
https://www.otodom.pl/pl/oferta/2-pokoje-aneks-ul-potrzask-bez-pcc-ID4l736;Kraków, Bieżanów-Prokocim, Potrzask;383 102,19 zł;9339 zł/m²;3 pokoje;41.02 m²
https://www.otodom.pl/pl/oferta/2-pokoje-aneks-ul-potrzask-bez-pcc-ID4l738;Kraków, Bieżanów-Prokocim, Potrzask;491 832 zł;9200 zł/m²;3 pokoje;53.46 m²
https://www.otodom.pl/pl/oferta/idealny-uklad-dwustronny-do-wejscia-od-zaraz-ID4kODq;Kraków, Mistrzejowice, os. Złotego Wieku;449 000 zł;8635 zł/m²;3 pokoje;52 m²
https://www.otodom.pl/pl/oferta/apartament-51m2-3-pokoje-bezposrednio-0-pcc-ID4l72E;Kraków, Bieżanów-Prokocim;469 709 zł;9331 zł/m²;3 pokoje;50.34 m²
https://www.otodom.pl/pl/oferta/wykonczone-mieszkanie-os-piastow-2016-rok-ID4kOgy;Kraków, Mistrzejowice;499 000 zł;11 341 zł/m²;2 pokoje;44 m²
https://www.otodom.pl/pl/oferta/osiedle-zodiak-mieszkanie-41d-m40-promocja-ID4dVu7;Kraków, Bieżanów-Prokocim, ul. Mariana Domagały;439 000 zł;8410 zł/m²;3 pokoje;52.2 m²
https://www.otodom.pl/pl/oferta/nowa-huta-na-wzgorzach-54m2-3-pokoje-ladne-zadbane-ID4kZkA;Kraków, Nowa Huta, os. Na Wzgórzach;457 000 zł;8426 zł/m²;3 pokoje;54.24 m²
https://www.otodom.pl/pl/oferta/sprzedaz-okazcja-2-pokoje-osobna-kuchnia-ID4l707;Kraków, Podgórze Duchackie, Stanisława Stojałowskiego;455 000 zł;9100 zł/m²;2 pokoje;50 m²
https://www.otodom.pl/pl/oferta/mieszkanie-2-pokojowe-z-tarasem-ID4l6Yy;Kraków, Bieżanów-Prokocim, Złocień, ul. Henryka i Karola Czeczów;420 000 zł;10 244 zł/m²;2 pokoje;41 m²
https://www.otodom.pl/pl/oferta/piekne-2-pokoje-52m-biezanow-ul-heleny-prywatne-ID4kKQV;Kraków, Bieżanów-Prokocim, Bieżanów, ul. Heleny;494 000 zł;9500 zł/m²;2 pokoje;52 m²
https://www.otodom.pl/pl/oferta/petofiego-3-pokojowe-mieszkanie-z-pieknym-widokiem-ID4l6SU;Kraków, Wzgórza Krzesławickie, ul. Petofiego;495 900 zł;9000 zł/m²;3 pokoje;55.1 m²
https://www.otodom.pl/pl/oferta/bezposrednio-dwupokojowe-blok-z-2018-roku-ID4kbm4;Kraków, Mistrzejowice, os. Piastów;470 000 zł;11 750 zł/m²;2 pokoje;40 m²
https://www.otodom.pl/pl/oferta/3-pokoje-bez-prowizji-klucze-do-odebrania-hit-ID4l3Oo;Kraków, Bieżanów-Prokocim;489 600 zł;9273 zł/m²;3 pokoje;52.8 m²
https://www.otodom.pl/pl/oferta/plac-inwalidow-3-pokojowe-w-centrum-na-poddaszu-ID49l8b;Kraków, Krowodrza, ul. Mieczysława Karłowicza;450 000 zł;8333 zł/m²;3 pokoje;54 m²
https://www.otodom.pl/pl/oferta/dwa-pokoje-z-ogrodem-tramwaj-ID4l6NF;Kraków, Mistrzejowice;442 976 zł;10 900 zł/m²;2 pokoje;40.64 m²
https://www.otodom.pl/pl/oferta/3-pok-58-m2-balkon-podgorze-duchackie-ul-luzycka-ID4jRU1;Kraków, Podgórze Duchackie, Piaski Wielkie, Łużycka;499 000 zł;8556 zł/m²;3 pokoje;58.32 m²
https://www.otodom.pl/pl/oferta/os-na-stoku-funkcjonalne-41-m2-na-sprzedaz-ID4l6LZ;Kraków, Wzgórza Krzesławickie;410 000 zł;9896 zł/m²;2 pokoje;41.43 m²
https://www.otodom.pl/pl/oferta/dwa-pokoje-dwustronne-rejon-szpitala-w-prokocimiu-ID4l6KD;Kraków, Bieżanów-Prokocim;450 000 zł;11 117 zł/m²;2 pokoje;40.48 m²
https://www.otodom.pl/pl/oferta/trzy-pokoje-na-granicy-wieliczki-i-krakowa-ID4l6Kx;Kraków, Bieżanów-Prokocim, Bieżanów;439 000 zł;8303 zł/m²;3 pokoje;52.87 m²
https://www.otodom.pl/pl/oferta/kredyt-2-blisko-lasu-ID4l6IK;Kraków, Bieżanów-Prokocim, Bieżanów, Potrzask;448 000 zł;10 000 zł/m²;4 pokoje;44.8 m²
https://www.otodom.pl/pl/oferta/bienczyce-bardzo-ladne-2-pokoje-44-m2-balkon-ID4kOEc;Kraków, Bieńczyce, Osiedle Jagiellońskie;499 000 zł;11 341 zł/m²;2 pokoje;44 m²
https://www.otodom.pl/pl/oferta/prokocim-po-remoncie-2-pokoje-z-oddzielna-kuchnia-ID4k4BK;Kraków, Bieżanów-Prokocim, Erazma Jerzmanowskiego;479 000 zł;11 062 zł/m²;2 pokoje;43.3 m²
https://www.otodom.pl/pl/oferta/mieszkanie-51m2-2-pokoje-nowa-huta-os-teatralne-ID4kLGv;Kraków, Nowa Huta;465 000 zł;9141 zł/m²;2 pokoje;50.87 m²
https://www.otodom.pl/pl/oferta/apartament-inwestycyjny-10-681-87-m2-centrum-ID4jwWT;Kraków, Podgórze, Zabłocie, Pana Tadeusza;459 000 zł;10 682 zł/m²;2 pokoje;42.97 m²
https://www.otodom.pl/pl/oferta/3-pokoje-w-zielonej-czesci-miasta-ID4kqsA;Kraków, Nowa Huta, Tadeusza Ptaszyckiego;480 861 zł;10 100 zł/m²;3 pokoje;47.61 m²
https://www.otodom.pl/pl/oferta/plaszow-2-pokojowe-mieszkanie-z-ogrodkiem-ID4l6EZ;Kraków, Podgórze, Płaszów, Myśliwska;449 344 zł;11 200 zł/m²;2 pokoje;40.12 m²
https://www.otodom.pl/pl/oferta/mieszkanie-w-swietnej-lokalizacji-piwnica-loggi-ID4klVR;Kraków, Prądnik Czerwony, Ugorek, ul. Pawła Włodkowica;450 000 zł;8911 zł/m²;2 pokoje;50.5 m²
https://www.otodom.pl/pl/oferta/4-pokoje-pradnik-bialy-paszkowskiego-pekowicka-ID4k9yC;Kraków, Prądnik Biały, gen. Franciszka Paszkowskiego;487 539 zł;7999 zł/m²;4 pokoje;60.95 m²
https://www.otodom.pl/pl/oferta/funkcjonalne-47-2-m2-os-tysiaclecia-okazja-ID4l6BX;Kraków, Mistrzejowice;475 000 zł;10 064 zł/m²;3 pokoje;47.2 m²
https://www.otodom.pl/pl/oferta/mieszkanie-do-remontu-blisko-zalewu-ID4j1N1;Kraków, Nowa Huta, os. Sportowe;450 000 zł;8925 zł/m²;2 pokoje;50.42 m²
https://www.otodom.pl/pl/oferta/dwupokojowe-w-niskiej-zabudowie-nowa-huta-ID4l6wL;Kraków, Nowa Huta;410 000 zł;9896 zł/m²;2 pokoje;41.43 m²
https://www.otodom.pl/pl/oferta/bezposrednio-os-piastow-3-pok-loggia-winda-ID4klQf;Kraków, Mistrzejowice, os. Piastów;489 000 zł;11 114 zł/m²;3 pokoje;44 m²
https://www.otodom.pl/pl/oferta/limitowane-mieszkanie-idealny-uklad-klucze-juz-ID4l6uV;Kraków, Bieżanów-Prokocim, ul. Agatowa;488 300 zł;9167 zł/m²;3 pokoje;53.27 m²
https://www.otodom.pl/pl/oferta/nowoczesne-osiedle-dla-seniora-gotowe-3-pokoje-ID4l4zJ;Kraków, Bieżanów-Prokocim;488 800 zł;9166 zł/m²;3 pokoje;53.33 m²
https://www.otodom.pl/pl/oferta/mieszkanie-2-pokojowe-45m2-krakow-kozlowek-ID4hjII;Kraków, Bieżanów-Prokocim, ul. Na Kozłówce 4;499 000 zł;11 089 zł/m²;2 pokoje;45 m²
https://www.otodom.pl/pl/oferta/trzypokojowe-bronowice-na-blonie-os-widok-ID4jEbZ;Kraków, Bronowice, Na Błonie;499 000 zł;10 924 zł/m²;3 pokoje;45.68 m²
https://www.otodom.pl/pl/oferta/3-pokojowe-na-podgorzu-duchackim-ID4jDTj;Kraków, Podgórze Duchackie, Łużycka;499 000 zł;8556 zł/m²;3 pokoje;58.32 m²
https://www.otodom.pl/pl/oferta/mieszkanie-w-atrakcyjnej-cenie-nowa-huta-ID4l6ss;Kraków, Nowa Huta, Bardosa;402 237 zł;9900 zł/m²;2 pokoje;40.63 m²
https://www.otodom.pl/pl/oferta/mieszkanie-43-m-krakow-ID4kiko;Kraków, Nowa Huta, os. Jagiellońskie;380 000 zł;8837 zł/m²;2 pokoje;43 m²
https://www.otodom.pl/pl/oferta/dwupokojowe-jasna-kuchnia-balkon-litewska-ID4kEoJ;Kraków, Krowodrza, Litewska;499 000 zł;11 797 zł/m²;2 pokoje;42.3 m²
https://www.otodom.pl/pl/oferta/dwa-pokoje-na-poddaszu-salwator-ID4kUli;Kraków, Zwierzyniec, Salwator, ul. Tatarska;479 000 zł;11 975 zł/m²;2 pokoje;40 m²
https://www.otodom.pl/pl/oferta/3-pokoje-balkon-piwnica-tysiaclecia-do-wejscia-ID4l6nS;Kraków, Nowa Huta, os. Tysiąclecia;475 000 zł;9462 zł/m²;3 pokoje;50.2 m²
https://www.otodom.pl/pl/oferta/lokal-inwestycyjny-gwarantowane-30-000-zl-na-rok-ID4kjpU;Kraków, Krowodrza, Zbożowa 2;490 000 zł;9929 zł/m²;2 pokoje;49.35 m²
https://www.otodom.pl/pl/oferta/3-pokoje-54-mkw-biuro-sprzedazy-twoj-doradca-ID4l6mm;Kraków, Bieżanów-Prokocim, ul. Mariana Domagały;497 242 zł;9159 zł/m²;2 pokoje;54.29 m²
https://www.otodom.pl/pl/oferta/mieszkanie-idealne-na-start-nowa-huta-ID4kYZk;Kraków, Nowa Huta, Bardosa;490 644 zł;9900 zł/m²;3 pokoje;49.56 m²
https://www.otodom.pl/pl/oferta/mieszkanie-na-start-w-atrakcyjnej-cenie-ID4kgah;Kraków, Bieżanów-Prokocim, Potrzask;403 058 zł;9932 zł/m²;3 pokoje;40.58 m²
https://www.otodom.pl/pl/oferta/antresola-dwa-pokoje-duzy-balkon-k-lokatorskie-ID4l6l8;Kraków, Prądnik Biały, Bronowice Wielkie, ul. Ojcowska;499 000 zł;12 475 zł/m²;2 pokoje;40 m²
https://www.otodom.pl/pl/oferta/tramwaj-3-pok-odzielna-kuchnia-mozliwosc-4-pok-ID4l6kB;Kraków, Bieżanów-Prokocim, Kozłówek, prof. Tadeusza Seweryna;479 000 zł;8870 zł/m²;4 pokoje;54 m²
https://www.otodom.pl/pl/oferta/dwa-widne-pokoje-w-idealnym-stanie-przy-wisle-ID4l6kg;Kraków, Podgórze, Płaszów;490 000 zł;11 951 zł/m²;3 pokoje;41 m²
https://www.otodom.pl/pl/oferta/3-pokoje-nowy-zlocien-juz-gotowe-ID4l6hF;Kraków, Bieżanów-Prokocim, Złocień;489 500 zł;9167 zł/m²;3 pokoje;53.4 m²
https://www.otodom.pl/pl/oferta/2-pokoje-balkon-pradnik-bialy-ID4l6cE;Kraków, Prądnik Biały, Piaszczysta;449 568 zł;11 200 zł/m²;2 pokoje;40.14 m²
https://www.otodom.pl/pl/oferta/podgorze-mieszkanie-42m2-garaz-i-komorka-ID4l6cv;Kraków, Podgórze, Płaszów, Myśliwska;483 000 zł;11 500 zł/m²;2 pokoje;42 m²
https://www.otodom.pl/pl/oferta/wykonczone-mieszkanie-os-piastow-2016-rok-ID4kWIJ;Kraków, Mistrzejowice, Osiedle Piastów;499 000 zł;11 341 zł/m²;2 pokoje;44 m²
https://www.otodom.pl/pl/oferta/3-pokojowe-mieszkanie-z-oddzielna-kuchnia-mpec-ID4kEdj;Kraków, Nowa Huta, Czyżyny, Centralna;499 000 zł;9980 zł/m²;3 pokoje;50 m²
https://www.otodom.pl/pl/oferta/3-pokoje-do-wynajecia-klucze-na-juz-promocja-ID4kZPM;Kraków, Bieżanów-Prokocim;470 300 zł;9342 zł/m²;3 pokoje;50.34 m²
https://www.otodom.pl/pl/oferta/53-mkw-oferta-bezposrednia-bez-pcc-okazja-ID4l69M;Kraków, Bieżanów-Prokocim, ul. Mariana Domagały;487 992 zł;9159 zł/m²;2 pokoje;53.28 m²
https://www.otodom.pl/pl/oferta/2-pok-ostatnie-7-pietro-po-generalnym-remoncie-ID4kmJW;Kraków, Nowa Huta;430 000 zł;10 287 zł/m²;2 pokoje;41.8 m²
https://www.otodom.pl/pl/oferta/osiedle-zodiak-nowoczesne-mieszkanie-41d-m36-ID4dVsp;Kraków, Bieżanów-Prokocim, ul. Mariana Domagały;410 700 zł;8899 zł/m²;2 pokoje;46.15 m²
https://www.otodom.pl/pl/oferta/na-sprzedaz-2-pokoje-40-m2-na-grzegorzkach-ID4ihJb;Kraków, Grzegórzki, Dąbie, Półkole;480 000 zł;12 000 zł/m²;2 pokoje;40 m²
https://www.otodom.pl/pl/oferta/2-pokoje-53-mkw-biuro-sprzedazy-twoj-doradca-ID4l5UY;Kraków, Bieżanów-Prokocim, ul. Mariana Domagały;487 900 zł;9159 zł/m²;2 pokoje;53.27 m²
https://www.otodom.pl/pl/oferta/ul-witosa-2-pokoje-kuchnia-50-m2-ID4kvbk;Kraków, Podgórze Duchackie, Wincentego Witosa;435 000 zł;8700 zł/m²;2 pokoje;50 m²
https://www.otodom.pl/pl/oferta/centrum-inwestycyjnie-2-pokoje-do-adaptacji-ID4kK8K;Kraków, Podgórze, Lwowska;474 000 zł;11 850 zł/m²;2 pokoje;40 m²
https://www.otodom.pl/pl/oferta/ul-boh-wrzesnia-2-pokoje-kuchnia-55m2-ID4l4HC;Kraków, Nowa Huta;444 000 zł;8073 zł/m²;2 pokoje;55 m²
https://www.otodom.pl/pl/oferta/2-pok-41-50-m2-os-centru-d-nowa-huta-ID4l5Qi;Kraków, Dębniki, os. Centrum D;399 000 zł;9614 zł/m²;2 pokoje;41.5 m²
https://www.otodom.pl/pl/oferta/gorali-2-pokoje-okazyjna-sprzedaz-ID4l1YY;Kraków, Nowa Huta, os. Górali;499 000 zł;9596 zł/m²;2 pokoje;52 m²
https://www.otodom.pl/pl/oferta/40-m2-2-pokoje-krakow-opatkowice-ID4l5NF;Kraków, Swoszowice, Opatkowice, Macieja Dębskiego;463 910 zł;11 500 zł/m²;2 pokoje;40.34 m²
https://www.otodom.pl/pl/oferta/52-m-kosciuszki-okazja-dla-inwestora-umeblowane-ID4conY;Kraków, Zwierzyniec, gen. Tadeusza Kościuszki;465 000 zł;8942 zł/m²;2 pokoje;52 m²
https://www.otodom.pl/pl/oferta/okazja-nowe-2-pok-mieszk-parking-mini-osiedle-ID4kMNn;Kraków, Podgórze, ul. Myśliwska;459 000 zł;10 820 zł/m²;2 pokoje;42.42 m²
https://www.otodom.pl/pl/oferta/zlocien-1-pietro-3-pokoje-ID4l47Q;Kraków, Bieżanów-Prokocim, Złocień;493 901 zł;9272 zł/m²;3 pokoje;53.27 m²
https://www.otodom.pl/pl/oferta/fajne-do-zamieszkania-lub-na-inwestycje-ID4l5Hp;Kraków, Nowa Huta;375 000 zł;9375 zł/m²;2 pokoje;40 m²
https://www.otodom.pl/pl/oferta/os-centrum-b-klimatyczna-okolica-2-pok-ID4l5Gr;Kraków, Nowa Huta, Centrum B;436 000 zł;9604 zł/m²;2 pokoje;45.4 m²
https://www.otodom.pl/pl/oferta/widok-na-zielen-3-pokoje-dla-seniora-klucze-juz-ID4l0ur;Kraków, Bieżanów-Prokocim;493 900 zł;9272 zł/m²;3 pokoje;53.27 m²
https://www.otodom.pl/pl/oferta/2-pokojowe-ul-bialopradnicka-ID4l5xQ;Kraków, Prądnik Biały, Białoprądnicka;470 000 zł;11 236 zł/m²;2 pokoje;41.83 m²
https://www.otodom.pl/pl/oferta/53m2-w-promocyjnej-cenie-super-okazja-ID4l5q2;Kraków, Bieżanów-Prokocim, ul. Mariana Domagały;492 113 zł;9159 zł/m²;2 pokoje;53.73 m²
https://www.otodom.pl/pl/oferta/bronowice-do-wejscia-z-ogrodkiem-i-garazem-ID4l5kF;Kraków, Prądnik Biały, Bronowice Wielkie, Na Polach;480 000 zł;12 000 zł/m²;2 pokoje;40 m²
https://www.otodom.pl/pl/oferta/okazja-nowa-huta-os-szkolne-2-pokoje-ID4l5nq;Kraków, Nowa Huta;395 000 zł;8702 zł/m²;2 pokoje;45.39 m²
https://www.otodom.pl/pl/oferta/ze-zgoda-wspolnoty-na-dwa-mieszkania-ID4l5hb;Kraków, Stare Miasto, ul. Stanisława Staszica;475 000 zł;5793 zł/m²;4 pokoje;82 m²
https://www.otodom.pl/pl/oferta/sprzedam-mieszkanie-ID4kThB;Kraków, Podgórze, ul. Jana Kurczaba;500 000 zł;10 638 zł/m²;2 pokoje;47 m²
https://www.otodom.pl/pl/oferta/51m-2-pokoje-nowa-huta-parter-ID4l5fj;Kraków, Nowa Huta;499 000 zł;9596 zł/m²;2 pokoje;52 m²
https://www.otodom.pl/pl/oferta/nowa-huta-3-pokoje-8-100zl-m2-ID4kXHu;Kraków, Nowa Huta, Osiedle Wysokie;455 000 zł;8125 zł/m²;3 pokoje;56 m²
https://www.otodom.pl/pl/oferta/mistrzejowice-3-pokoje-do-wejscia-balkon-ID4kXNG;Kraków, Mistrzejowice, Osiedle Tysiąclecia;475 000 zł;10 064 zł/m²;3 pokoje;47.2 m²
https://www.otodom.pl/pl/oferta/nowa-huta-2-pokoje-do-wejscia-ID4kY7t;Kraków, Nowa Huta, Osiedle Szkolne;430 000 zł;10 488 zł/m²;2 pokoje;41 m²
https://www.otodom.pl/pl/oferta/3-pokoje-w-standardzie-premium-klucze-na-juz-ID4l0N0;Kraków, Bieżanów-Prokocim;487 100 zł;9166 zł/m²;3 pokoje;53.14 m²
https://www.otodom.pl/pl/oferta/3-pokoje-54-mkw-biuro-sprzedazy-twoj-doradca-ID4l56v;Kraków, Bieżanów-Prokocim, ul. Mariana Domagały;488 449 zł;9159 zł/m²;2 pokoje;53.33 m²
https://www.otodom.pl/pl/oferta/osiedle-zodiak-promocja-mieszkanie-41d-m31-ID4dVpu;Kraków, Bieżanów-Prokocim, ul. Mariana Domagały;445 000 zł;8607 zł/m²;3 pokoje;51.7 m²
https://www.otodom.pl/pl/oferta/3-pok-61-m2-zielona-okolica-ID48MzO;Kraków, Wzgórza Krzesławickie, ul.Gustawa Morcinka;491 040 zł;8000 zł/m²;3 pokoje;61.38 m²
https://www.otodom.pl/pl/oferta/ustawne-dwupokojowe-z-widokiem-na-zielen-0-pcc-ID4l52R;Kraków, Prądnik Biały, Górka Narodowa, Stefana Banacha;495 000 zł;11 480 zł/m²;2 pokoje;43.12 m²
https://www.otodom.pl/pl/oferta/os-tysiaclecia-1-pietro-3-pok-poludniowo-polnocne-ID4kEp3;Kraków, Mistrzejowice;495 000 zł;10 487 zł/m²;3 pokoje;47.2 m²
https://www.otodom.pl/pl/oferta/gotowiec-inwestycyjny-z-najemca-zysk-6-8-netto-ID4hych;Kraków, Nowa Huta, Czyżyny;464 000 zł;10 640 zł/m²;3 pokoje;43.61 m²
https://www.otodom.pl/pl/oferta/dwupokojowe-mieszkanie-na-poddaszu-os-szkolne-ID4l4Vu;Kraków, Nowa Huta;385 000 zł;6875 zł/m²;2 pokoje;56 m²
https://www.otodom.pl/pl/oferta/2pok-osobna-jasna-kuchnia-prokocim-ID4kSUj;Kraków, Bieżanów-Prokocim, ul. ks. Piotra Ściegiennego;465 000 zł;10 333 zł/m²;2 pokoje;45 m²
https://www.otodom.pl/pl/oferta/dwupokojowe-jasna-kuchnia-balkon-ID4l4TB;Kraków, Krowodrza;472 500 zł;10 500 zł/m²;2 pokoje;45 m²
https://www.otodom.pl/pl/oferta/2-pokoje-osobna-kuchnia-balkon-piwnica-ID4jIRR;Kraków, Bieńczyce, os. Albertyńskie;369 000 zł;9000 zł/m²;2 pokoje;41 m²
https://www.otodom.pl/pl/oferta/mieszkanie-na-podgorzu-duchackim-2-pok-ID4l4Ms;Kraków, Podgórze Duchackie;445 000 zł;9823 zł/m²;2 pokoje;45.3 m²
https://www.otodom.pl/pl/oferta/2-pokoje-osobna-kuchnia-parter-ID4l4M5;Kraków, Nowa Huta;370 000 zł;8810 zł/m²;2 pokoje;42 m²
https://www.otodom.pl/pl/oferta/3-pokoje-spokojna-okolica-ogrzewanie-podlogowe-ID4l4LN;Kraków, Nowa Huta, Gustawa Morcinka;453 340 zł;7600 zł/m²;3 pokoje;59.65 m²
https://www.otodom.pl/pl/oferta/mieszkanie-na-poddaszu-z-potencjalem-ID4l4Rd;Kraków, Podgórze;465 000 zł;5167 zł/m²;4 pokoje;90 m²
https://www.otodom.pl/pl/oferta/2-pokojowe-piekne-mieszkanie-os-jagiellonskie-ID4krCD;Kraków, Bieńczyce, os. Jagiellońskie;478 000 zł;11 047 zł/m²;2 pokoje;43.27 m²
https://www.otodom.pl/pl/oferta/inwestycyjna-perelka-zasilania-zielona-energia-ID4l4PA;Kraków, Podgórze;475 292 zł;11 204 zł/m²;2 pokoje;42.42 m²
https://www.otodom.pl/pl/oferta/jedyny-taki-uklad-3-pokoje-na-osiedlu-premium-got-ID4l4J8;Kraków, Bieżanów-Prokocim;488 227 zł;9165 zł/m²;3 pokoje;53.27 m²
https://www.otodom.pl/pl/oferta/1-pietro-powstancow-loggia-brak-pcc-ID4l4IZ;Kraków, Prądnik Czerwony, Powstańców;500 000 zł;11 905 zł/m²;2 pokoje;42 m²
https://www.otodom.pl/pl/oferta/biezanow-blisko-parku-2-pokoje-mozliwy-rabat-ID4l4IT;Kraków, Bieżanów-Prokocim, Bieżanów, Erazma Jerzmanowskiego;469 000 zł;11 114 zł/m²;2 pokoje;42.2 m²
https://www.otodom.pl/pl/oferta/3-pokoje-juz-gotowe-nowy-zlocien-bez-prowizji-ID4l0id;Kraków, Bieżanów-Prokocim, Złocień;493 900 zł;9165 zł/m²;3 pokoje;53.89 m²
https://www.otodom.pl/pl/oferta/wieliczka-pierwsze-pietro-1-pokoj-ID4l462;Kraków, małopolskie;384 495 zł;9610 zł/m²;1 pokój;40.01 m²
https://www.otodom.pl/pl/oferta/zlocien-4-pietro-3-pokoje-ID4l49Y;Kraków, Bieżanów-Prokocim, Złocień;498 938 zł;9270 zł/m²;3 pokoje;53.82 m²
https://www.otodom.pl/pl/oferta/jasne-3-pokoje-nowoczesne-osiedle-bez-prowizji-ID4l4Dw;Kraków, Bieżanów-Prokocim, Potrzask;419 000 zł;8292 zł/m²;3 pokoje;50.53 m²
https://www.otodom.pl/pl/oferta/bezposrednio-ustawne-3-pokoje-promocja-ID4l4C6;Kraków, Bieżanów-Prokocim;483 946 zł;9052 zł/m²;3 pokoje;53.46 m²
https://www.otodom.pl/pl/oferta/jasne-3-pokoje-biuro-sprzedazy-dewlopera-rabat-ID4l4C5;Kraków, Bieżanów-Prokocim;483 494 zł;9052 zł/m²;3 pokoje;53.41 m²
https://www.otodom.pl/pl/oferta/sloneczne-m3-20-min-do-rynku-promocja-wiosenna-ID4l4C3;Kraków, Bieżanów-Prokocim;487 899 zł;9159 zł/m²;3 pokoje;53.27 m²
https://www.otodom.pl/pl/oferta/oszczedzaj-w-kwietniu-promocja-biuro-sprzedazy-ID4l4C4;Kraków, Bieżanów-Prokocim;482 769 zł;9052 zł/m²;3 pokoje;53.33 m²
https://www.otodom.pl/pl/oferta/przytulne-53mkw-biuro-sprzedazy-dewelopera-rabat-ID4l4C2;Kraków, Bieżanów-Prokocim;487 991 zł;9159 zł/m²;3 pokoje;53.28 m²
https://www.otodom.pl/pl/oferta/gotowe-nowe-mieszkania-biuro-sprzedazy-dewelopera-ID4l4C1;Kraków, Bieżanów-Prokocim;482 407 zł;9052 zł/m²;3 pokoje;53.29 m²
https://www.otodom.pl/pl/oferta/przestronne-4-pokoje-bez-prowizji-gotowe-ID4l4zE;Kraków, Bieżanów-Prokocim, Potrzask;429 000 zł;7902 zł/m²;4 pokoje;54.29 m²
https://www.otodom.pl/pl/oferta/apartament-54m2-3-pok-gwarancja-najnizszej-ceny-ID4l4zb;Kraków, Bieżanów-Prokocim;492 368 zł;9265 zł/m²;3 pokoje;53.14 m²
https://www.otodom.pl/pl/oferta/54-mkw-biuro-sprzedazy-rabat-ID4l4rI;Kraków, Bieżanów-Prokocim, ul. Mariana Domagały;488 083 zł;9159 zł/m²;2 pokoje;53.29 m²
https://www.otodom.pl/pl/oferta/mieszkanie-2-pokojowe-nieopodal-parku-reduta-ID4l4h1;Kraków, Prądnik Czerwony, ul. Strzelców 14;390 000 zł;9264 zł/m²;2 pokoje;42.1 m²
https://www.otodom.pl/pl/oferta/sprzedam-mieszkanie-do-remontu-57m2-8-10-roi-ID4l4kI;Kraków, Nowa Huta;469 000 zł;8228 zł/m²;5 pokoi;57 m²
https://www.otodom.pl/pl/oferta/mieszkanie-44-16-m-krakow-ID4kPvN;Kraków, Podgórze Duchackie, Kurdwanów, ul. Nowosądecka;419 000 zł;9488 zł/m²;2 pokoje;44.16 m²
https://www.otodom.pl/pl/oferta/zachodnie-3-pokoje-nowoczesna-inwestycja-na-juz-ID4l4bZ;Kraków, Bieżanów-Prokocim;485 300 zł;9167 zł/m²;3 pokoje;52.94 m²
https://www.otodom.pl/pl/oferta/sloneczne-mieszkanie-2-pokojowe-oddzielna-kuchnia-ID4l47h;Kraków, Nowa Huta;440 000 zł;10 732 zł/m²;2 pokoje;41 m²
https://www.otodom.pl/pl/oferta/mieszkanie-44m2-3-pokoje-kuchnia-azory-eng-ID4kUlY;Kraków, Prądnik Biały, Azory;439 000 zł;9977 zł/m²;3 pokoje;44 m²
https://www.otodom.pl/pl/oferta/3-pok-53-m2-plaszow-ul-turka-ID4l45u;Kraków, Podgórze, Płaszów, Turka;470 000 zł;8868 zł/m²;3 pokoje;53 m²
https://www.otodom.pl/pl/oferta/42m-2-pokoje-balkon-nowa-huta-parter-ID4l44N;Kraków, Nowa Huta;369 000 zł;8786 zł/m²;2 pokoje;42 m²
https://www.otodom.pl/pl/oferta/2-niezalezne-pokoje-loggia-blisko-mpk-mpec-ID4l43e;Kraków, Mistrzejowice, os. Tysiąclecia;435 000 zł;9819 zł/m²;2 pokoje;44.3 m²
https://www.otodom.pl/pl/oferta/53m2-w-promocyjnej-cenie-super-okazja-ID4l41j;Kraków, Bieżanów-Prokocim, ul. Mariana Domagały;487 900 zł;9159 zł/m²;3 pokoje;53.27 m²
https://www.otodom.pl/pl/oferta/plaszow-saska-2-niezalezne-pokoje-ID4kFdA;Kraków, Podgórze, Płaszów, ul. Saska;499 900 zł;8848 zł/m²;2 pokoje;56.5 m²
https://www.otodom.pl/pl/oferta/osiedle-zodiak-nowe-mieszkanie-41d-m22-promocja-ID4dVol;Kraków, Bieżanów-Prokocim, ul. Mariana Domagały;399 000 zł;8735 zł/m²;2 pokoje;45.68 m²
https://www.otodom.pl/pl/oferta/3-pokoje-54-mkw-biuro-sprzedazy-twoj-doradca-ID4l3U9;Kraków, Bieżanów-Prokocim, ul. Mariana Domagały;488 449 zł;9159 zł/m²;3 pokoje;53.33 m²
https://www.otodom.pl/pl/oferta/3-pokoje-z-prywatnym-ogrodkiem-klucze-na-juz-ID4l3Pw;Kraków, Bieżanów-Prokocim;497 300 zł;9335 zł/m²;3 pokoje;53.27 m²
https://www.otodom.pl/pl/oferta/mieszkanie-dwupokojowe-w-zielonym-otoczeniu-ID4hj2Z;Kraków, Nowa Huta, os. Centrum C;435 000 zł;8529 zł/m²;2 pokoje;51 m²
https://www.otodom.pl/pl/oferta/os-piastow-mieszkanie-z-ogrodkiem-oddane-ID4l3MI;Kraków, Mistrzejowice, Bohaterów Września;468 600 zł;10 000 zł/m²;2 pokoje;46.86 m²
https://www.otodom.pl/pl/oferta/mieszkanie-idealne-pod-inwestycje-49-2m2-ID4iX93;Kraków, Krowodrza;340 000 zł;6911 zł/m²;1 pokój;49.2 m²
https://www.otodom.pl/pl/oferta/dzien-otwarty-promocja-wiosenna-biuro-sprzedazy-ID4l3Hp;Kraków, Bieżanów-Prokocim;486 571 zł;9052 zł/m²;3 pokoje;53.75 m²
https://www.otodom.pl/pl/oferta/poludniowe-m3-biuro-sprzedazy-dzien-otwarty-ID4l3Hm;Kraków, Bieżanów-Prokocim;487 354 zł;9116 zł/m²;3 pokoje;53.46 m²
https://www.otodom.pl/pl/oferta/komfortowe-m3-20-min-do-rynku-duzy-rabat-ID4l3Hn;Kraków, Bieżanów-Prokocim;491 460 zł;9052 zł/m²;3 pokoje;54.29 m²
https://www.otodom.pl/pl/oferta/mieszkanie-na-sprzedaz-kurdwanow-49m2-ID4l1GW;Kraków, Podgórze Duchackie, Kurdwanów;480 000 zł;9796 zł/m²;2 pokoje;49 m²
https://www.otodom.pl/pl/oferta/3-pokoje-z-balkonem-tereny-zielone-nowa-huta-ID4l3FT;Kraków, Nowa Huta, Wandy;495 000 zł;11 250 zł/m²;3 pokoje;44 m²
https://www.otodom.pl/pl/oferta/rozkladowe-z-klimatyzacja-ID4l0yN;Kraków, Nowa Huta, os. Górali;499 000 zł;9596 zł/m²;3 pokoje;52 m²
https://www.otodom.pl/pl/oferta/3-pokoje-gotowe-do-odbioru-20min-centrum-rabaty-ID4l3mx;Kraków, Bieżanów-Prokocim;488 400 zł;9167 zł/m²;3 pokoje;53.28 m²
https://www.otodom.pl/pl/oferta/krakow-grzegorzki-kotlarska-sprzedam-ID4kRMB;Kraków, Grzegórzki;489 000 zł;12 225 zł/m²;1 pokój;40 m²
https://www.otodom.pl/pl/oferta/podgorze-mieszkanie-43-38m2-garaz-i-komorka-ID4l3jO;Kraków, Podgórze, Płaszów, Myśliwska;483 000 zł;11 134 zł/m²;2 pokoje;43.38 m²
https://www.otodom.pl/pl/oferta/2pokojowe-mieszkanie-z-m-postojowym-tramwaj-2023-ID4kPR0;Kraków, Prądnik Biały, ul. Kuźnicy Kołłątajowskiej;420 000 zł;10 448 zł/m²;2 pokoje;40.2 m²
https://www.otodom.pl/pl/oferta/2-pokoje-42-5m-bronowice-jaremy-okazja-ID4l3b6;Kraków, Bronowice, ul. Marii Jaremy;480 000 zł;11 294 zł/m²;2 pokoje;42.5 m²
https://www.otodom.pl/pl/oferta/apartament-54m2-3-pokoje-bezposrednio-0-pcc-ID4l3aH;Kraków, Bieżanów-Prokocim;492 368 zł;9265 zł/m²;3 pokoje;53.14 m²
https://www.otodom.pl/pl/oferta/apartament-53m2-rabaty-do-kilkunastu-procent-ID4l3aq;Kraków, Bieżanów-Prokocim;490 515 zł;9265 zł/m²;3 pokoje;52.94 m²
https://www.otodom.pl/pl/oferta/3-pokoje-54-mkw-biuro-sprzedazy-twoj-doradca-ID4l39X;Kraków, Bieżanów-Prokocim, ul. Mariana Domagały;497 242 zł;9159 zł/m²;2 pokoje;54.29 m²
https://www.otodom.pl/pl/oferta/3-pokoje-50m2-bienczyce-ID4l38h;Kraków, Bieńczyce;455 000 zł;9053 zł/m²;3 pokoje;50.26 m²
https://www.otodom.pl/pl/oferta/mieszkanie-40-m2-do-wlasnej-aranzacji-ID4l33h;Kraków, Prądnik Biały, al. 29 Listopada;407 000 zł;10 175 zł/m²;1 pokój;40 m²
https://www.otodom.pl/pl/oferta/mieszkanie-3-pok-56m2-nowa-huta-ID4kEvr;Kraków, Nowa Huta, os. Szkolne;485 000 zł;8615 zł/m²;3 pokoje;56.3 m²
https://www.otodom.pl/pl/oferta/oferta-3-pokoje-bezposrednio-brak-pcc-okazja-ID4l2Rj;Kraków, Bieżanów-Prokocim, ul. Mariana Domagały;485 519 zł;9159 zł/m²;3 pokoje;53.01 m²
https://www.otodom.pl/pl/oferta/jasne-2-pokojowe-mieszkanie-na-mistrzejowicach-ID4kBHt;Kraków, Mistrzejowice;459 000 zł;9018 zł/m²;2 pokoje;50.9 m²
https://www.otodom.pl/pl/oferta/nowe-mieszkanie-piasta-towers-m6-102-ID47OS6;Kraków, Mistrzejowice, ul. Piasta Kołodzieja;452 928 zł;9600 zł/m²;2 pokoje;47.18 m²
https://www.otodom.pl/pl/oferta/2-pokoje-balkon-gotowe-do-wejscia-brak-pcc-ID4kWJ2;Kraków, Mistrzejowice, Piasta Kołodzieja;499 000 zł;11 605 zł/m²;2 pokoje;43 m²
https://www.otodom.pl/pl/oferta/nowe-2-pok-ogrodek-parking-wewn-bezposrednio-ID4kQRm;Kraków, Podgórze, ul. Myśliwska;469 000 zł;10 826 zł/m²;2 pokoje;43.32 m²
https://www.otodom.pl/pl/oferta/okazja-inwestycyjne-mieszkanie-3-pokojowe-ID4l2JF;Kraków, Krowodrza, Prądnicka;490 000 zł;10 643 zł/m²;3 pokoje;46.04 m²
https://www.otodom.pl/pl/oferta/20-min-do-rynku-gotowe-m3-promocja-biuro-sprzedazy-ID4l2GK;Kraków, Bieżanów-Prokocim;483 595 zł;9159 zł/m²;3 pokoje;52.8 m²
https://www.otodom.pl/pl/oferta/biuro-sprzedazy-swiateczna-promocja-nowe-m3-ID4l2GJ;Kraków, Bieżanów-Prokocim;483 503 zł;9159 zł/m²;3 pokoje;52.79 m²
https://www.otodom.pl/pl/oferta/gotowe-3-pokoje-20min-centrum-s-premium-rabat-ID4kZIn;Kraków, Bieżanów-Prokocim;489 000 zł;9263 zł/m²;3 pokoje;52.79 m²
https://www.otodom.pl/pl/oferta/2-pokoje-bez-pcc-mistrzejowice-ID4k0Va;Kraków, Mistrzejowice, Bohaterów Września;476 346 zł;9300 zł/m²;2 pokoje;51.22 m²
https://www.otodom.pl/pl/oferta/3-pokojowe-ul-gustawa-morcinka-nowa-huta-ID4klZR;Kraków, Nowa Huta, Gustawa Morcinka;489 760 zł;8000 zł/m²;3 pokoje;61.22 m²
https://www.otodom.pl/pl/oferta/54-25m2-3-pokoje-pradnik-czerwony-ID4krh8;Kraków, Prądnik Czerwony, Jakuba Majora;465 000 zł;8571 zł/m²;3 pokoje;54.25 m²
https://www.otodom.pl/pl/oferta/miejsce-parkingowe-w-cenie-zlocien-ID4kB9g;Kraków, Bieżanów-Prokocim, Złocień, Mariana Domagały;485 227 zł;9153 zł/m²;3 pokoje;53.01 m²
https://www.otodom.pl/pl/oferta/3-pokoje-balkon-spokojna-zielona-okolica-ID4j6ov;Kraków, Nowa Huta, Gustawa Morcinka;489 760 zł;8000 zł/m²;3 pokoje;61.22 m²
https://www.otodom.pl/pl/oferta/2-pokoje-osobna-kuchnia-zielona-okolica-ID4jPoh;Kraków, Bieńczyce, Osiedle Wysokie;385 000 zł;8720 zł/m²;2 pokoje;44.15 m²
https://www.otodom.pl/pl/oferta/gotowe-2-pokoje-ogodek-bez-prowizji-i-pcc-ID4kcyR;Kraków, Mistrzejowice, Bohaterów Września;468 600 zł;10 000 zł/m²;2 pokoje;46.86 m²
https://www.otodom.pl/pl/oferta/gotowe-3-pokoje-balkon-bez-prowizji-i-pcc-ID4hOCA;Kraków, Nowa Huta, Gustawa Morcinka;489 760 zł;8000 zł/m²;3 pokoje;61.22 m²
https://www.otodom.pl/pl/oferta/mieszkanie-dwupokojowe-gotowe-brak-pcc-ID4kz3o;Kraków, Podgórze, Płaszów, Myśliwska;495 000 zł;11 893 zł/m²;2 pokoje;41.62 m²
https://www.otodom.pl/pl/oferta/53-mkw-oferta-nowe-mieszkanie-okazja-ID4l2zJ;Kraków, Bieżanów-Prokocim;487 900 zł;9159 zł/m²;3 pokoje;53.27 m²
https://www.otodom.pl/pl/oferta/sprzedam-mieszkanie-dwupokojowe-krakow-nowa-huta-ID4kmKz;Kraków, Nowa Huta, os. Szkolne;430 000 zł;10 488 zł/m²;2 pokoje;41 m²
https://www.otodom.pl/pl/oferta/kazimierzowskie-43-6-m2-3-pokoje-po-remoncie-ID4hUZl;Kraków, Nowa Huta, Kazimierzowskie;464 000 zł;10 642 zł/m²;3 pokoje;43.6 m²
https://www.otodom.pl/pl/oferta/nova-wierzbowa-bezposrednio-od-dewelopera-ID4cFfO;Kraków, Prądnik Biały, Tonie;499 000 zł;7129 zł/m²;3 pokoje;70 m²
https://www.otodom.pl/pl/oferta/3-pokojowe-mieszkanie-61m2-balkon-bez-prowizji-ID4cTMS;Kraków, Wzgórza Krzesławickie, ul. Kantorowicka;489 760 zł;8000 zł/m²;3 pokoje;61.22 m²
https://www.otodom.pl/pl/oferta/nowe-mieszkanie-piasta-towers-m6-55-ID4cK4i;Kraków, Mistrzejowice, ul. Piasta Kołodzieja;486 000 zł;10 800 zł/m²;2 pokoje;45 m²
https://www.otodom.pl/pl/oferta/53m2-w-promocyjnej-cenie-super-okazja-ID4l2pn;Kraków, Bieżanów-Prokocim, ul. Mariana Domagały;484 877 zł;9159 zł/m²;2 pokoje;52.94 m²
https://www.otodom.pl/pl/oferta/przytulne-53mkw-spytaj-o-rabat-biuro-sprzedazy-ID4l2nY;Kraków, Bieżanów-Prokocim;484 877 zł;9159 zł/m²;3 pokoje;52.94 m²
https://www.otodom.pl/pl/oferta/sloneczne-m3-na-zachod-swietna-lokalizacja-rabat-ID4l2nZ;Kraków, Bieżanów-Prokocim;481 049 zł;9052 zł/m²;3 pokoje;53.14 m²
https://www.otodom.pl/pl/oferta/gotowe-blisko-centrumrabat-ID4jvGQ;Kraków, Bieżanów-Prokocim, Złocień;489 797 zł;9195 zł/m²;3 pokoje;53.27 m²
https://www.otodom.pl/pl/oferta/czyzyny-2-pokoje-jasna-kuchnia-balkon-po-remoncie-ID4l2lF;Kraków, Nowa Huta, Czyżyny, os. Albertyńskie;499 000 zł;11 881 zł/m²;2 pokoje;42 m²
https://www.otodom.pl/pl/oferta/mieszkanie-z-balkonem-na-4-pietrze-okazja-53m2-ID4l2l0;Kraków, Bieżanów-Prokocim, ul. Mariana Domagały;492 937 zł;9159 zł/m²;2 pokoje;53.82 m²
https://www.otodom.pl/pl/oferta/widokowe-3-pokoje-zachod-bezposrednio-rabat-ID4l2kL;Kraków, Bieżanów-Prokocim;485 518 zł;9159 zł/m²;3 pokoje;53.01 m²
https://www.otodom.pl/pl/oferta/zachodnie-53mkw-ze-slicznym-ogrodkiem-promocja-ID4l2kM;Kraków, Bieżanów-Prokocim;491 282 zł;9222 zł/m²;3 pokoje;53.27 m²
https://www.otodom.pl/pl/oferta/2-pokoje-jasna-kuchnia-43m-balkon-po-remoncie-ID4l2kq;Kraków, Bieńczyce, os. Jagiellońskie;455 000 zł;10 581 zł/m²;2 pokoje;43 m²
https://www.otodom.pl/pl/oferta/os-tysiaclecia-1-pietro-4-3-pokoje-47m-balkon-ID4l2km;Kraków, Mistrzejowice;475 000 zł;10 064 zł/m²;3 pokoje;47.2 m²
https://www.otodom.pl/pl/oferta/3-pok-61-m2-zamieszkaj-na-wzgorzach-a20-ID48Mnx;Kraków, Wzgórza Krzesławickie, ul.Gustawa Morcinka;489 760 zł;8000 zł/m²;3 pokoje;61.22 m²
https://www.otodom.pl/pl/oferta/tanie-mieszkanie-z-dala-od-miejskiego-zgielku-3pok-ID4l2gw;Kraków, Bieżanów-Prokocim, Złocień, Potrzask;383 102 zł;9339 zł/m²;3 pokoje;41.02 m²
https://www.otodom.pl/pl/oferta/duze-dwupokojowe-mieszkanie-z-garderoba-cicha-ok-ID4l2gv;Kraków, Bieżanów-Prokocim, Złocień, Potrzask;453 622 zł;9814 zł/m²;2 pokoje;46.22 m²
https://www.otodom.pl/pl/oferta/tanie-mieszkanie-w-krakowie-tylko-469tys-za-53m2-ID4l2dq;Kraków, Bieżanów-Prokocim, Złocień, Mariana Domagały;469 000 zł;8849 zł/m²;3 pokoje;53 m²
https://www.otodom.pl/pl/oferta/m-na-kredyt-2-gwarancja-ceny-tylko-do-30-04-ID4l2ct;Kraków, Nowa Huta, Czyżyny, Nowohucka;489 000 zł;11 033 zł/m²;2 pokoje;44.32 m²
https://www.otodom.pl/pl/oferta/rabat-75-000zl-promocja-ID4l2co;Kraków, Bieżanów-Prokocim, Złocień, Mariana Domagały;464 500 zł;8699 zł/m²;3 pokoje;53.4 m²
https://www.otodom.pl/pl/oferta/3-pokoje-osobna-kuchnia-cicha-okolica-ID4kdPP;Kraków, Bieńczyce, os. Wysokie;489 000 zł;8972 zł/m²;3 pokoje;54.5 m²
https://www.otodom.pl/pl/oferta/tniemy-ceny-na-swieta-nowe-m3-biuro-sprzedazy-ID4l28q;Kraków, Bieżanów-Prokocim;479 873 zł;9052 zł/m²;3 pokoje;53.01 m²
https://www.otodom.pl/pl/oferta/nowoczesne-m3-smarthome-biuro-sprzedazy-rabat-ID4l28s;Kraków, Bieżanów-Prokocim;485 884 zł;9159 zł/m²;3 pokoje;53.05 m²
https://www.otodom.pl/pl/oferta/53-mkw-oferta-nowe-mieszkanie-okazja-ID4l26t;Kraków, Bieżanów-Prokocim, ul. Mariana Domagały;484 786 zł;9159 zł/m²;2 pokoje;52.93 m²
https://www.otodom.pl/pl/oferta/okazja-3-pokojowe-51-14m2-zeslawice-ID4kPEO;Kraków, Wzgórza Krzesławickie, Zesławice;398 350 zł;7789 zł/m²;3 pokoje;51.14 m²
https://www.otodom.pl/pl/oferta/okazja-3-pokojowe-59-65m2-zielona-okolica-ID4kPDG;Kraków, Wzgórza Krzesławickie, Zesławice;453 340 zł;7600 zł/m²;3 pokoje;59.65 m²
https://www.otodom.pl/pl/oferta/centrum-starej-huty-z-winda-piwnica-i-balkonem-ID4l25R;Kraków, Nowa Huta, os. Centrum C;450 000 zł;8757 zł/m²;2 pokoje;51.39 m²
https://www.otodom.pl/pl/oferta/okazja-2-pokojowe-46-23m2-zielona-okolica-ID4kPDj;Kraków, Wzgórza Krzesławickie, Zesławice;360 594 zł;7800 zł/m²;2 pokoje;46.23 m²
https://www.otodom.pl/pl/oferta/okazja-3-pokojowe-51-76m2-zeslawice-ID4kPCw;Kraków, Wzgórza Krzesławickie, Zesławice;399 000 zł;7709 zł/m²;3 pokoje;51.76 m²
https://www.otodom.pl/pl/oferta/okazja-3-pokojowe-47-5m2-zielona-okolica-ID4kPBc;Kraków, Wzgórza Krzesławickie, Zesławice;370 500 zł;7800 zł/m²;3 pokoje;47.5 m²
https://www.otodom.pl/pl/oferta/klucze-od-reki-20-min-do-rynku-biuro-sprzedazy-ID4l23l;Kraków, Bieżanów-Prokocim;485 304 zł;9052 zł/m²;3 pokoje;53.61 m²
https://www.otodom.pl/pl/oferta/przytulne-3-pokoje-nowe-mieszkanie-promocja-ID4l23k;Kraków, Bieżanów-Prokocim;482 317 zł;9052 zł/m²;3 pokoje;53.28 m²
https://www.otodom.pl/pl/oferta/3-pokoje-54-mkw-biuro-sprzedazy-twoj-doradca-ID4l1Z9;Kraków, Bieżanów-Prokocim, ul. Mariana Domagały;487 992 zł;9159 zł/m²;3 pokoje;53.28 m²
https://www.otodom.pl/pl/oferta/wyjatkowe-dwupokojowe-w-apartamentowcu-ID4l1T7;Kraków, Podgórze, ul. Myśliwska;489 000 zł;11 528 zł/m²;2 pokoje;42.42 m²
https://www.otodom.pl/pl/oferta/47m2-3pok-balkon-park-mistrzejowice-kredyt-2-0-ID4l1KA;Kraków, Mistrzejowice;493 185 zł;10 500 zł/m²;3 pokoje;46.97 m²
https://www.otodom.pl/pl/oferta/sloneczne-2-pokoje-system-10-90-kredyt-2-ID4l1K3;Kraków, Bieżanów-Prokocim, Potrzask;398 500 zł;9399 zł/m²;2 pokoje;42.4 m²
https://www.otodom.pl/pl/oferta/mieszkanie-na-juz-ostatnia-szansa-ID4l1Iq;Kraków, Bieżanów-Prokocim, Bieżanów, Potrzask;489 000 zł;8620 zł/m²;4 pokoje;56.73 m²
https://www.otodom.pl/pl/oferta/jasne-2-pokoje-nowoczesna-inwestycja-kredyt-2-ID4l1H1;Kraków, Bieżanów-Prokocim, Potrzask;379 600 zł;9398 zł/m²;2 pokoje;40.39 m²
https://www.otodom.pl/pl/oferta/2-pokoje-prestizowa-inwestycja-kredyt-2-ID4l1H0;Kraków, Bieżanów-Prokocim, Potrzask;378 200 zł;9292 zł/m²;2 pokoje;40.7 m²
https://www.otodom.pl/pl/oferta/narozne-50mkw-biuro-sprzedazy-promocja-ID4l1Eb;Kraków, Bieżanów-Prokocim;464 310 zł;9223 zł/m²;3 pokoje;50.34 m²
https://www.otodom.pl/pl/oferta/54-mkw-z-ogrodkiem-nowe-mieszkanie-biuro-sprzedazy-ID4l1Ec;Kraków, Bieżanów-Prokocim;495 432 zł;9222 zł/m²;3 pokoje;53.72 m²
https://www.otodom.pl/pl/oferta/3-pokoje-54-mkw-biuro-sprzedazy-twoj-doradca-ID4l1AF;Kraków, Bieżanów-Prokocim, ul. Mariana Domagały;489 182 zł;9159 zł/m²;3 pokoje;53.41 m²
https://www.otodom.pl/pl/oferta/2-pokoje-balkon-osobna-kuchnia-ID4l1v8;Kraków, Bieżanów-Prokocim, Potrzask;443 597 zł;9650 zł/m²;2 pokoje;45.97 m²
https://www.otodom.pl/pl/oferta/swiateczna-promocja-biuro-sprzedazy-gotowe-m3-ID4l1up;Kraków, Bieżanów-Prokocim;479 239 zł;9054 zł/m²;3 pokoje;52.93 m²
https://www.otodom.pl/pl/oferta/komfortowe-3-pokoje-20-min-do-rynku-twoj-doradca-ID4l1ur;Kraków, Bieżanów-Prokocim;479 239 zł;9052 zł/m²;3 pokoje;52.94 m²
https://www.otodom.pl/pl/oferta/tramwaj-3-pok-odzielna-kuchnia-mozliwosc-4-pok-ID4l1tS;Kraków, Bieżanów-Prokocim, Kozłówek, prof. Tadeusza Seweryna;479 000 zł;8870 zł/m²;4 pokoje;54 m²
https://www.otodom.pl/pl/oferta/tramwaj-3-pok-odzielna-kuchnia-mozliwosc-4-pok-ID4l1tR;Kraków, Bieżanów-Prokocim, Kozłówek, prof. Tadeusza Seweryna;479 000 zł;8870 zł/m²;3 pokoje;54 m²
https://www.otodom.pl/pl/oferta/trzypokojowe-mieszkanie-na-nowym-prokocimiu-ID4l1s5;Kraków, Bieżanów-Prokocim;449 000 zł;8804 zł/m²;3 pokoje;51 m²
https://www.otodom.pl/pl/oferta/mieszkanie-4-pokojowe-z-balkonem-i-piwnica-ID4l1mE;Kraków, Krowodrza, Krowodrza Górka;499 000 zł;8648 zł/m²;4 pokoje;57.7 m²
https://www.otodom.pl/pl/oferta/kurdwanow-niezalezne-pokoje-loggia-dobra-cena-ID4kiIi;Kraków, Podgórze Duchackie, Kurdwanów, Stanisława Stojałowskiego;439 000 zł;8905 zł/m²;2 pokoje;49.3 m²
https://www.otodom.pl/pl/oferta/mieszkanie-45-m2-pradnik-czerwony-krakow-ID4krQy;Kraków, Prądnik Czerwony;500 000 zł;11 111 zł/m²;2 pokoje;45 m²
https://www.otodom.pl/pl/oferta/kurdwanow-3-pokoje-z-widokiem-balkon-piwnica-ID4kI83;Kraków, Podgórze Duchackie, Kurdwanów, Marii i Bolesława Wysłouchów;499 900 zł;8318 zł/m²;3 pokoje;60.1 m²
https://www.otodom.pl/pl/oferta/kliny-2-pokojowe-z-miejscem-garazowym-ID4kQ9C;Kraków, Dębniki, Kliny-Zacisze, Babinicza;489 000 zł;10 217 zł/m²;2 pokoje;47.86 m²
https://www.otodom.pl/pl/oferta/biezanow-2-pokoje-loggia-ID4l1gA;Kraków, Bieżanów-Prokocim, Bieżanów, Heleny;464 995 zł;8942 zł/m²;2 pokoje;52 m²
https://www.otodom.pl/pl/oferta/kliny-2-pokojowe-z-balkonem-ID4kMxd;Kraków, Dębniki, Kliny-Zacisze, Bartla;499 000 zł;11 659 zł/m²;2 pokoje;42.8 m²
https://www.otodom.pl/pl/oferta/54-m2-w-dobrej-lokalizacji-okazja-ID4l1fd;Kraków, Bieżanów-Prokocim, ul. Mariana Domagały;497 242 zł;9159 zł/m²;2 pokoje;54.29 m²
https://www.otodom.pl/pl/oferta/nowe-osobna-kuchnia-ogrodek-prowizja-0-ID4l17j;Kraków, Podgórze, Płaszów;492 000 zł;10 990 zł/m²;2 pokoje;44.77 m²
https://www.otodom.pl/pl/oferta/45m2-2pok-kuch-balkon-park-tramwaj-kredyt-2-0-ID4l0ZL;Kraków, Mistrzejowice;498 080 zł;11 000 zł/m²;2 pokoje;45.28 m²
https://www.otodom.pl/pl/oferta/48-5m2-2pok-kuch-balkon-park-kredyt-2-0-ID4l0ZJ;Kraków, Mistrzejowice;498 417 zł;10 300 zł/m²;3 pokoje;48.39 m²
https://www.otodom.pl/pl/oferta/krakow-kurdwanow-2-pokojowe-mieszkanie-ID4l0Xd;Kraków, Podgórze Duchackie, ul. Marii i Bolesława Wysłouchów;419 000 zł;8200 zł/m²;2 pokoje;51.1 m²
https://www.otodom.pl/pl/oferta/przytulne-3-pokoje-nowe-mieszkanie-promocja-ID4l0WV;Kraków, Bieżanów-Prokocim;483 946 zł;9052 zł/m²;3 pokoje;53.46 m²
https://www.otodom.pl/pl/oferta/ustawne-3-pokoje-gwarancja-najnizszej-ceny-0-pcc-ID4l0WY;Kraków, Bieżanów-Prokocim;491 460 zł;9052 zł/m²;3 pokoje;54.29 m²
https://www.otodom.pl/pl/oferta/komfortowe-53mkw-bez-pcc-biuro-sprzedazy-ID4l0WW;Kraków, Bieżanów-Prokocim;486 526 zł;9159 zł/m²;3 pokoje;53.12 m²
https://www.otodom.pl/pl/oferta/bezczynszowe-3-pok-duzy-rabat-biuro-sprzedazy-ID4l0WU;Kraków, Bieżanów-Prokocim;480 144 zł;9052 zł/m²;3 pokoje;53.04 m²
https://www.otodom.pl/pl/oferta/oddane-do-uzytku-blisko-lasu-ID4l0WJ;Kraków, Bieżanów-Prokocim, Bieżanów, Potrzask;449 000 zł;7840 zł/m²;3 pokoje;57.27 m²
https://www.otodom.pl/pl/oferta/nowosadecka-prokocim-2pok-46m2-eng-ID4l0R3;Kraków, Bieżanów-Prokocim;440 000 zł;9479 zł/m²;2 pokoje;46.42 m²
https://www.otodom.pl/pl/oferta/przestronne-3-pokoje-nowoczesna-inwestycja-ID4l0R4;Kraków, Bieżanów-Prokocim, Potrzask;399 000 zł;8278 zł/m²;3 pokoje;48.2 m²
https://www.otodom.pl/pl/oferta/2-pokoje-43m2-balkon-0-prowizji-widokowe-ID4l0Qy;Kraków, Mistrzejowice, Osiedle Bohaterów Września;455 098 zł;10 584 zł/m²;2 pokoje;43 m²
https://www.otodom.pl/pl/oferta/3-oddzielne-pokoje-balkon-47-m2-ID4l0PY;Kraków, Mistrzejowice;450 000 zł;9554 zł/m²;3 pokoje;47.1 m²
https://www.otodom.pl/pl/oferta/apartament-54m2-bezposrednio-20-minut-do-rynku-ID4l0Pb;Kraków, Bieżanów-Prokocim;495 333 zł;9265 zł/m²;3 pokoje;53.46 m²
https://www.otodom.pl/pl/oferta/3-pokoje-44-m2-po-remoncie-os-kazimierzowskie-ID4jZu0;Kraków, Bieńczyce, Osiedle Kazimierzowskie 21;470 000 zł;10 812 zł/m²;3 pokoje;43.47 m²
https://www.otodom.pl/pl/oferta/dwupokojowe-mieszkanie-z-mozliwoscia-zmiany-ukladu-ID4l0Lg;Kraków, Bieżanów-Prokocim, Kozłówek, ul. Wlotowa;409 000 zł;9338 zł/m²;2 pokoje;43.8 m²
https://www.otodom.pl/pl/oferta/mistrzejowice-3-pokojowe-sloneczne-z-balkonem-ID4l0IX;Kraków, Mistrzejowice, os. Tysiąclecia;475 000 zł;10 064 zł/m²;3 pokoje;47.2 m²
https://www.otodom.pl/pl/oferta/mieszkanie-3-pokojowe-krakow-sidzina-ID4l0Ga;Kraków, Dębniki, Kliny-Zacisze;472 604 zł;9200 zł/m²;3 pokoje;51.37 m²
https://www.otodom.pl/pl/oferta/2-pokojowe-mieszkanie-okolice-galerii-bronowice-ID4l0FV;Kraków, Prądnik Biały, ul. Józefa Chełmońskiego;490 000 zł;10 889 zł/m²;2 pokoje;45 m²
https://www.otodom.pl/pl/oferta/piekny-ustawny-i-przestronny-apartament-rabat-ID4l0C4;Kraków, Bieżanów-Prokocim, ul. Mariana Domagały;487 992 zł;9159 zł/m²;3 pokoje;53.28 m²
https://www.otodom.pl/pl/oferta/2-pokoje-47m2-gotowe-0-prowizji-ogrod-22m-ID4l0yv;Kraków, Mistrzejowice, Bohaterów Września;482 658 zł;10 300 zł/m²;2 pokoje;46.86 m²
https://www.otodom.pl/pl/oferta/super-cena-majora-pradnik-3-pokoje-do-remontu-ID4l0y4;Kraków, Prądnik Czerwony, Jakuba Majora;450 000 zł;8627 zł/m²;3 pokoje;52.16 m²
https://www.otodom.pl/pl/oferta/52-m2-oddzielna-kuchnia-umeblowane-wyposazone-ID4kaqC;Kraków, Bieżanów-Prokocim, Heleny;465 000 zł;8942 zł/m²;2 pokoje;52 m²
https://www.otodom.pl/pl/oferta/2-pokojowe-mieszkanie-z-osobna-kuchnia-nowa-huta-ID4l0xt;Kraków, Nowa Huta;460 000 zł;9200 zł/m²;2 pokoje;50 m²
https://www.otodom.pl/pl/oferta/jasne-i-przytulne-dwupokojowe-mieszkanie-ID4l0wc;Kraków, Bieżanów-Prokocim;469 000 zł;10 196 zł/m²;2 pokoje;46 m²
https://www.otodom.pl/pl/oferta/2-pokoje-47m2-gotowe-0-prowizji-ogrodek-ID4l0u1;Kraków, Mistrzejowice, Bohaterów Września;484 306 zł;10 300 zł/m²;2 pokoje;47.02 m²
https://www.otodom.pl/pl/oferta/2-pokoje-51m2-balkon-gotowe-0-prowizji-ID4l0tY;Kraków, Mistrzejowice, Bohaterów Września;497 738 zł;9750 zł/m²;2 pokoje;51.05 m²
https://www.otodom.pl/pl/oferta/2-osobne-pokoje-duza-jasna-kuchnia-blisko-mpk-ID4l0qm;Kraków, Bieżanów-Prokocim, Prokocim, ul. Nowosądecka;430 000 zł;9802 zł/m²;2 pokoje;43.87 m²
https://www.otodom.pl/pl/oferta/mieszkanie-51-57-m-krakow-ID4l0mK;Kraków, Nowa Huta, os. Górali;499 000 zł;9676 zł/m²;2 pokoje;51.57 m²
https://www.otodom.pl/pl/oferta/nowe-3-pokoje-pod-wynajem-klucze-do-odbioru-rabat-ID4l0mq;Kraków, Bieżanów-Prokocim;485 900 zł;9166 zł/m²;3 pokoje;53.01 m²
https://www.otodom.pl/pl/oferta/okazja-mieszkanie-w-promocyjnej-cenie-53m2-ID4l0lR;Kraków, Bieżanów-Prokocim, ul. Mariana Domagały;487 900 zł;9159 zł/m²;3 pokoje;53.27 m²
https://www.otodom.pl/pl/oferta/grzegorzki-sloneczne-1-pokojowe-mieszkanie-ID4k3wj;Kraków, Grzegórzki, płk. Francesco Nullo;478 000 zł;11 468 zł/m²;1 pokój;41.68 m²
https://www.otodom.pl/pl/oferta/1-pokojowe-mieszkanie-41m2-bez-posrednikow-ID4kzKO;Kraków, Nowa Huta, ul. Kocmyrzowska;491 119 zł;11 880 zł/m²;1 pokój;41.34 m²
https://www.otodom.pl/pl/oferta/nowe-jasne-2-pokojowe-balkon-podgorze-ID4l0ib;Kraków, Podgórze, Myśliwska;488 000 zł;11 463 zł/m²;2 pokoje;42.57 m²
https://www.otodom.pl/pl/oferta/ostatnie-mieszkania-rabat-do-konca-kwietnia-ID4l0c5;Kraków, Bieżanów-Prokocim, Złocień, Mariana Domagały;485 000 zł;9032 zł/m²;3 pokoje;53.7 m²
https://www.otodom.pl/pl/oferta/mieszkanie-50-20-m-krakow-ID4l07v;Kraków, Mistrzejowice, Wawelska;426 000 zł;8486 zł/m²;2 pokoje;50.2 m²
https://www.otodom.pl/pl/oferta/okazja-rabat-65-000zl-ostatnie-mieszkania-ID4l057;Kraków, Bieżanów-Prokocim, Złocień, Mariana Domagały;475 000 zł;8962 zł/m²;3 pokoje;53 m²
https://www.otodom.pl/pl/oferta/3-pokoje-spokojna-okolica-ID4l01M;Kraków, Nowa Huta, Gustawa Morcinka;370 500 zł;7800 zł/m²;3 pokoje;47.5 m²
https://www.otodom.pl/pl/oferta/m3-przy-parku-na-os-tysiaclecia-w-krakowie-ID4kZXY;Kraków, Nowa Huta, os. Tysiąclecia;475 000 zł;8962 zł/m²;3 pokoje;53 m²
https://www.otodom.pl/pl/oferta/3pokoje-do-odbioru-20min-centrum-standard-premium-ID4kZXQ;Kraków, Bieżanów-Prokocim;485 200 zł;9167 zł/m²;3 pokoje;52.93 m²
https://www.otodom.pl/pl/oferta/polecamy-3-pokojowe-do-remontu-bronowice-ID4kZXu;Kraków, Bronowice;499 000 zł;10 848 zł/m²;3 pokoje;46 m²
https://www.otodom.pl/pl/oferta/rabat-70-000zl-ostatnia-szansa-ID4kZWo;Kraków, Bieżanów-Prokocim, Złocień, Mariana Domagały;470 000 zł;8868 zł/m²;3 pokoje;53 m²
https://www.otodom.pl/pl/oferta/krakow-swoszowice-opatkowice-ul-macieja-debskiego-ID4kMA7;Kraków, Swoszowice, Opatkowice, ul. Macieja Dębskiego;495 000 zł;10 689 zł/m²;2 pokoje;46.31 m²
https://www.otodom.pl/pl/oferta/os-tysiaclecia-47-m2-3-osobne-pokoje-ID4kZUA;Osiedle Tysiąclecia, Kraków, małopolskie;475 000 zł;10 064 zł/m²;3 pokoje;47.2 m²
https://www.otodom.pl/pl/oferta/53-mkw-oferta-bezposrednia-bez-pcc-okazja-ID4kZNP;Kraków, Bieżanów-Prokocim, ul. Mariana Domagały;486 709 zł;9159 zł/m²;2 pokoje;53.14 m²
https://www.otodom.pl/pl/oferta/ladne-2-pokojowe-z-tarasem-w-nowym-budownictwie-ID4kPYa;Kraków, Prądnik Biały, Górka Narodowa, ul. abp. Zygmunta Szczęsnego Felińskiego;495 000 zł;11 124 zł/m²;2 pokoje;44.5 m²
https://www.otodom.pl/pl/oferta/trzypokojowe-mieszkanie-blisko-petli-azory-ID4kSnv;Kraków, Prądnik Biały, Azory;485 000 zł;9898 zł/m²;3 pokoje;49 m²
https://www.otodom.pl/pl/oferta/sloneczne-2-pok-z-oddzielna-kuchnia-44m2-kliny-ID4kZsE;Kraków, Dębniki, Kliny-Zacisze;395 000 zł;8929 zł/m²;2 pokoje;44.24 m²
https://www.otodom.pl/pl/oferta/krakow-debniki-ul-tyniecka-45-26-m2-ID4kUcd;Kraków, Dębniki, ul. Tyniecka;475 230 zł;10 500 zł/m²;2 pokoje;45.26 m²
https://www.otodom.pl/pl/oferta/mieszkanie-do-sprzedania-ul-luzycka-ID4kZml;Kraków, Podgórze Duchackie, Łużycka;500 000 zł;8818 zł/m²;3 pokoje;56.7 m²
https://www.otodom.pl/pl/oferta/mieszkanie-2-pokoje-przy-macieja-debskiego-parter-ID4kZ8M;Kraków, Swoszowice, Opatkowice, ul. Macieja Dębskiego;440 000 zł;10 541 zł/m²;2 pokoje;41.74 m²
https://www.otodom.pl/pl/oferta/sprzedam-mieszkanie-o-pow-47-6-mkw-ul-zywiecka-ID4kZ8H;Kraków, Łagiewniki-Borek Fałęcki;452 000 zł;9496 zł/m²;2 pokoje;47.6 m²
https://www.otodom.pl/pl/oferta/mieszkanie-w-zielonej-okolicy-idealne-na-start-ID4kYZm;Kraków, Nowa Huta, Bardosa;461 835 zł;9900 zł/m²;3 pokoje;46.65 m²
https://www.otodom.pl/pl/oferta/mieszaknie-po-remoncie-os-wandy-ID4kYYd;Osiedle Wandy, Kraków, małopolskie;495 000 zł;11 250 zł/m²;3 pokoje;44 m²
https://www.otodom.pl/pl/oferta/mieszkanie-dwupokojowe-z-balkonem-ul-zdrowa-13-ID4kYVF;Kraków, Prądnik Biały, Zdrowa;449 000 zł;10 965 zł/m²;2 pokoje;40.95 m²
https://www.otodom.pl/pl/oferta/mieszkanie-61-m2-kliny-zacisze-kredyt-2-ID4hm7L;Kraków, Dębniki, Kliny-Zacisze;499 900 zł;8194 zł/m²;2 pokoje;61.01 m²
https://www.otodom.pl/pl/oferta/mieszkanie-3-pokojowe-przy-parku-azory-ID4kYKh;Kraków, Prądnik Biały, Azory, ul. Gnieźnieńska;375 000 zł;8601 zł/m²;3 pokoje;43.6 m²
https://www.otodom.pl/pl/oferta/dwupokojowe-mieszkanie-os-szkolne-ID4kYJ4;Kraków, Nowa Huta;430 000 zł;10 513 zł/m²;2 pokoje;40.9 m²
https://www.otodom.pl/pl/oferta/biezanow-blisko-parku-2-pokoje-mozliwy-rabat-ID4kYFk;Kraków, Bieżanów-Prokocim, Bieżanów, Erazma Jerzmanowskiego;469 400 zł;11 123 zł/m²;2 pokoje;42.2 m²
https://www.otodom.pl/pl/oferta/mieszkanie-2-pokoje-52-m2-ul-morcinka-ID4kwAM;Kraków, Wzgórza Krzesławickie, Zesławice, Gustawa Morcinka;388 000 zł;7406 zł/m²;2 pokoje;52.39 m²
https://www.otodom.pl/pl/oferta/jasne-2-pok-z-balkonem-parking-bez-prowizji-ID4kKWE;Kraków, Bieńczyce, os. Albertyńskie;385 000 zł;9625 zł/m²;2 pokoje;40 m²
https://www.otodom.pl/pl/oferta/2-pok-47-m2-balkon-biezanow-ul-podleska-ID4kYcU;Kraków, Bieżanów-Prokocim, Bieżanów, Podłęska;499 000 zł;10 617 zł/m²;2 pokoje;47 m²
https://www.otodom.pl/pl/oferta/krakow-podgorze-ul-skrzyneckiego-40-93-m2-ID4kY1e;Kraków, Podgórze, al. gen. Jana Skrzyneckiego;449 000 zł;10 970 zł/m²;2 pokoje;40.93 m²
https://www.otodom.pl/pl/oferta/3-pokojowe-46m2-na-osiedlu-piastow-2-pietro-ID4kY0S;Kraków, Mistrzejowice, os. Piastów;399 000 zł;8674 zł/m²;3 pokoje;46 m²
https://www.otodom.pl/pl/oferta/2-pokoje-43m-kliny-okazja-ID4kTRq;Kraków, Dębniki, Kliny-Zacisze;499 000 zł;11 605 zł/m²;2 pokoje;43 m²
https://www.otodom.pl/pl/oferta/promocja-10-900-zl-m-kw-ID4kXTP;Kraków, Bieżanów-Prokocim, Erazma Jerzmanowskiego;441 341 zł;10 900 zł/m²;2 pokoje;40.49 m²
https://www.otodom.pl/pl/oferta/mieszkanie-krakow-krowodrza-ID4kXJ4;Kraków, Krowodrza, 29 Listopada;479 000 zł;7751 zł/m²;2 pokoje;61.8 m²
https://www.otodom.pl/pl/oferta/duze-3-pokoje-duzo-zieleni-os-szkolne-ID4kXIj;Kraków, Nowa Huta, Osiedle Szkolne;460 000 zł;8070 zł/m²;3 pokoje;57 m²
https://www.otodom.pl/pl/oferta/3-pokoje-w-nowej-inwestycji-promocyjna-cena-ID4kXH8;Kraków, Nowa Huta, Bardosa;461 830 zł;9900 zł/m²;3 pokoje;46.65 m²
https://www.otodom.pl/pl/oferta/przestronne-3-pokoje-nowoczesna-inwestycja-ID4kXH5;Kraków, Nowa Huta, Bardosa;461 800 zł;9899 zł/m²;3 pokoje;46.65 m²
https://www.otodom.pl/pl/oferta/sloneczne-2-pokoje-nowoczesna-inwestycja-ID4kXH2;Kraków, Nowa Huta, Bardosa;402 000 zł;9894 zł/m²;2 pokoje;40.63 m²
https://www.otodom.pl/pl/oferta/nowoczesne-osiedle-miejsce-postojowe-gratis-ID4kXyn;Kraków, Podgórze, Ametystowa;483 000 zł;9057 zł/m²;3 pokoje;53.33 m²
https://www.otodom.pl/pl/oferta/sloneczne-3-pokoje-garaz-gratis-gotowe-ID4kXyk;Kraków, Podgórze, Ametystowa;485 200 zł;9084 zł/m²;3 pokoje;53.41 m²
https://www.otodom.pl/pl/oferta/jasne-3-pokoje-miejsce-postojowe-gratis-gotowe-ID4kXvM;Kraków, Podgórze, Ametystowa;480 500 zł;9059 zł/m²;3 pokoje;53.04 m²
https://www.otodom.pl/pl/oferta/2-pokoje-widok-na-zielen-ogrodek-brak-pcc-ID4kWXq;Kraków, Prądnik Biały, Stefana Banacha;485 000 zł;11 578 zł/m²;2 pokoje;41.89 m²
https://www.otodom.pl/pl/oferta/biezanow-2-pokoje-loggia-ID4kXuG;Kraków, Bieżanów-Prokocim, Bieżanów, Heleny;464 996 zł;8942 zł/m²;2 pokoje;52 m²
https://www.otodom.pl/pl/oferta/przytulne-40-metrowe-studio-balkon-pradnik-bialy-ID4kXrC;Kraków, Prądnik Biały, ul. Bociana;489 000 zł;12 225 zł/m²;1 pokój;40 m²
https://www.otodom.pl/pl/oferta/2-pokojowe-z-ogrodkiem-kameralny-blok-ID4kXrz;Kraków, Prądnik Biały;469 000 zł;10 340 zł/m²;2 pokoje;45.36 m²
https://www.otodom.pl/pl/oferta/panorama-krakowa-nowa-inwestycja-ID4awCl;Kraków, Bieżanów-Prokocim;482 800 zł;7100 zł/m²;4 pokoje;68 m²
https://www.otodom.pl/pl/oferta/3-pokojowe-mieszkanie-z-balkonem-okazja-ID4jNri;Kraków, Nowa Huta;398 000 zł;8468 zł/m²;3 pokoje;47 m²
https://www.otodom.pl/pl/oferta/sprzedam-mieszkanie-2-pokojowe-osiedle-na-stoku-ID4kX31;Kraków, Nowa Huta;370 000 zł;8810 zł/m²;2 pokoje;42 m²
https://www.otodom.pl/pl/oferta/najtansze-mieszkanie-2-pokojowe-w-inwestycji-ID4kX0A;Kraków, Podgórze, Lipska;488 000 zł;11 375 zł/m²;2 pokoje;42.9 m²
https://www.otodom.pl/pl/oferta/najtansze-3-pokoje-w-inwstycji-ID4kX0z;Kraków, Podgórze, Płaszów, Lipska;487 000 zł;10 846 zł/m²;3 pokoje;44.9 m²
https://www.otodom.pl/pl/oferta/rabat-75-000zl-promocja-ID4kX0x;Kraków, Bieżanów-Prokocim, Złocień, Mariana Domagały;465 500 zł;8652 zł/m²;3 pokoje;53.8 m²
